,GENDER,TEST TYPE,TEST NAME,,Count of TEST NAME,Column Labels,,,,,,,,,
1,MALE,VISUAL,IMAGE SEARCH,,Row Labels,FEM,MALE,Grand Total,,,,,,,
2,MALE,VISUAL,FIVE BOX 1,,FIVE BOX 1,12,17,29,,,Type,Name,FEM,MALE,Grand Total
3,MALE,MOTOR IMAGES,HAND SHAKE,,FIVE BOX 2,11,16,27,,,Visual,FIVE BOX 1,12,17,29
4,MALE,VISUAL,FIVE BOX 1,,FIVE BOX 3,11,16,27,,,,FIVE BOX 2,11,16,27
5,MALE,VISUAL,FIVE BOX 2,,HAND SHAKE,12,17,29,,,,FIVE BOX 3,11,16,27
6,MALE,VISUAL,FIVE BOX 3,,IMAGE SEARCH,11,18,29,,,,IMAGE SEARCH,11,18,29
7,MALE,MOTOR IMAGES,HAND SHAKE,,Grand Total,57,84,141,,,Motor Images,HAND SHAKE,12,17,29
8,MALE,VISUAL,IMAGE SEARCH,,,,,,,,,,,,
9,MALE,VISUAL,FIVE BOX 1,,,,,,,,,,,,
10,MALE,VISUAL,FIVE BOX 2,,,,,,,,,,,,
11,MALE,VISUAL,FIVE BOX 3,,,,,,,,,,,,
12,MALE,MOTOR IMAGES,HAND SHAKE,,,,,,,,,,,,
13,MALE,VISUAL,IMAGE SEARCH,,,,,,,,,,,,
14,MALE,VISUAL,FIVE BOX 1,,,,,,,,,,,,
15,MALE,VISUAL,FIVE BOX 2,,,,,,,,,,,,
16,MALE,VISUAL,FIVE BOX 3,,,,,,,,,,,,
17,MALE,MOTOR IMAGES,HAND SHAKE,,,,,,,,,,,,
18,MALE,VISUAL,IMAGE SEARCH,,,,,,,,,,,,
19,FEM,VISUAL,FIVE BOX 1,,,,,,,,,,,,
20,FEM,MOTOR IMAGES,HAND SHAKE,,,,,,,,,,,,
21,FEM,VISUAL,IMAGE SEARCH,,,,,,,,,,,,
22,MALE,VISUAL,FIVE BOX 1,,,,,,,,,,,,
23,MALE,VISUAL,FIVE BOX 2,,,,,,,,,,,,
24,MALE,VISUAL,FIVE BOX 3,,,,,,,,,,,,
25,MALE,MOTOR IMAGES,HAND SHAKE,,,,,,,,,,,,
26,MALE,VISUAL,IMAGE SEARCH,,,,,,,,,,,,
27,FEM,VISUAL,FIVE BOX 1,,,,,,,,,,,,
28,FEM,VISUAL,FIVE BOX 2,,,,,,,,,,,,
29,FEM,VISUAL,FIVE BOX 3,,,,,,,,,,,,
30,FEM,MOTOR IMAGES,HAND SHAKE,,,,,,,,,,,,
31,FEM,VISUAL,IMAGE SEARCH,,,,,,,,,,,,
32,FEM,VISUAL,FIVE BOX 1,,,,,,,,,,,,
33,FEM,VISUAL,FIVE BOX 2,,,,,,,,,,,,
34,FEM,VISUAL,FIVE BOX 3,,,,,,,,,,,,
35,FEM,MOTOR IMAGES,HAND SHAKE,,,,,,,,,,,,
36,FEM,VISUAL,IMAGE SEARCH,,,,,,,,,,,,
37,FEM,VISUAL,FIVE BOX 1,,,,,,,,,,,,
38,FEM,VISUAL,FIVE BOX 2,,,,,,,,,,,,
39,FEM,VISUAL,FIVE BOX 3,,,,,,,,,,,,
40,FEM,MOTOR IMAGES,HAND SHAKE,,,,,,,,,,,,
41,FEM,VISUAL,IMAGE SEARCH,,,,,,,,,,,,
42,FEM,VISUAL,FIVE BOX 1,,,,,,,,,,,,
43,FEM,VISUAL,FIVE BOX 2,,,,,,,,,,,,
44,FEM,VISUAL,FIVE BOX 3,,,,,,,,,,,,
45,FEM,MOTOR IMAGES,HAND SHAKE,,,,,,,,,,,,
46,FEM,VISUAL,IMAGE SEARCH,,,,,,,,,,,,
47,MALE,VISUAL,FIVE BOX 1,,,,,,,,,,,,
48,MALE,VISUAL,FIVE BOX 2,,,,,,,,,,,,
49,MALE,VISUAL,FIVE BOX 3,,,,,,,,,,,,
50,MALE,MOTOR IMAGES,HAND SHAKE,,,,,,,,,,,,
51,MALE,VISUAL,IMAGE SEARCH,,,,,,,,,,,,
52,FEM,VISUAL,FIVE BOX 1,,,,,,,,,,,,
53,FEM,VISUAL,FIVE BOX 2,,,,,,,,,,,,
54,FEM,VISUAL,FIVE BOX 3,,,,,,,,,,,,
55,FEM,MOTOR IMAGES,HAND SHAKE,,,,,,,,,,,,
56,FEM,VISUAL,IMAGE SEARCH,,,,,,,,,,,,
57,MALE,VISUAL,FIVE BOX 1,,,,,,,,,,,,
58,MALE,VISUAL,FIVE BOX 2,,,,,,,,,,,,
59,MALE,VISUAL,FIVE BOX 3,,,,,,,,,,,,
60,MALE,MOTOR IMAGES,HAND SHAKE,,,,,,,,,,,,
61,MALE,VISUAL,IMAGE SEARCH,,,,,,,,,,,,
62,MALE,VISUAL,FIVE BOX 1,,,,,,,,,,,,
63,MALE,VISUAL,FIVE BOX 2,,,,,,,,,,,,
64,MALE,VISUAL,FIVE BOX 3,,,,,,,,,,,,
65,MALE,MOTOR IMAGES,HAND SHAKE,,,,,,,,,,,,
66,MALE,VISUAL,IMAGE SEARCH,,,,,,,,,,,,
67,FEM,VISUAL,FIVE BOX 1,,,,,,,,,,,,
68,FEM,VISUAL,FIVE BOX 2,,,,,,,,,,,,
69,FEM,VISUAL,FIVE BOX 3,,,,,,,,,,,,
70,FEM,MOTOR IMAGES,HAND SHAKE,,,,,,,,,,,,
71,FEM,VISUAL,IMAGE SEARCH,,,,,,,,,,,,
72,FEM,VISUAL,FIVE BOX 1,,,,,,,,,,,,
73,FEM,VISUAL,FIVE BOX 2,,,,,,,,,,,,
74,FEM,VISUAL,FIVE BOX 3,,,,,,,,,,,,
75,FEM,MOTOR IMAGES,HAND SHAKE,,,,,,,,,,,,
76,MALE,VISUAL,FIVE BOX 1,,,,,,,,,,,,
77,MALE,VISUAL,FIVE BOX 2,,,,,,,,,,,,
78,MALE,VISUAL,FIVE BOX 3,,,,,,,,,,,,
79,MALE,MOTOR IMAGES,HAND SHAKE,,,,,,,,,,,,
80,MALE,VISUAL,IMAGE SEARCH,,,,,,,,,,,,
81,MALE,VISUAL,FIVE BOX 1,,,,,,,,,,,,
82,MALE,VISUAL,FIVE BOX 2,,,,,,,,,,,,
83,MALE,VISUAL,FIVE BOX 3,,,,,,,,,,,,
84,MALE,MOTOR IMAGES,HAND SHAKE,,,,,,,,,,,,
85,MALE,VISUAL,IMAGE SEARCH,,,,,,,,,,,,
86,FEM,VISUAL,FIVE BOX 1,,,,,,,,,,,,
87,FEM,VISUAL,FIVE BOX 2,,,,,,,,,,,,
88,FEM,VISUAL,FIVE BOX 3,,,,,,,,,,,,
89,FEM,MOTOR IMAGES,HAND SHAKE,,,,,,,,,,,,
90,FEM,VISUAL,IMAGE SEARCH,,,,,,,,,,,,
91,MALE,VISUAL,IMAGE SEARCH,,,,,,,,,,,,
92,MALE,VISUAL,FIVE BOX 1,,,,,,,,,,,,
93,MALE,VISUAL,FIVE BOX 2,,,,,,,,,,,,
94,MALE,VISUAL,FIVE BOX 3,,,,,,,,,,,,
95,MALE,MOTOR IMAGES,HAND SHAKE,,,,,,,,,,,,
96,MALE,VISUAL,IMAGE SEARCH,,,,,,,,,,,,
97,FEM,VISUAL,FIVE BOX 1,,,,,,,,,,,,
98,FEM,VISUAL,FIVE BOX 2,,,,,,,,,,,,
99,FEM,VISUAL,FIVE BOX 3,,,,,,,,,,,,
100,FEM,MOTOR IMAGES,HAND SHAKE,,,,,,,,,,,,
101,FEM,VISUAL,IMAGE SEARCH,,,,,,,,,,,,
102,MALE,VISUAL,FIVE BOX 1,,,,,,,,,,,,
103,MALE,VISUAL,FIVE BOX 2,,,,,,,,,,,,
104,MALE,VISUAL,FIVE BOX 3,,,,,,,,,,,,
105,MALE,MOTOR IMAGES,HAND SHAKE,,,,,,,,,,,,
106,MALE,VISUAL,IMAGE SEARCH,,,,,,,,,,,,
107,FEM,VISUAL,FIVE BOX 1,,,,,,,,,,,,
108,FEM,VISUAL,FIVE BOX 2,,,,,,,,,,,,
109,FEM,VISUAL,FIVE BOX 3,,,,,,,,,,,,
110,FEM,MOTOR IMAGES,HAND SHAKE,,,,,,,,,,,,
111,FEM,VISUAL,IMAGE SEARCH,,,,,,,,,,,,
112,MALE,VISUAL,FIVE BOX 1,,,,,,,,,,,,
113,MALE,VISUAL,FIVE BOX 2,,,,,,,,,,,,
114,MALE,VISUAL,FIVE BOX 3,,,,,,,,,,,,
115,MALE,MOTOR IMAGES,HAND SHAKE,,,,,,,,,,,,
116,MALE,VISUAL,IMAGE SEARCH,,,,,,,,,,,,
117,MALE,VISUAL,FIVE BOX 1,,,,,,,,,,,,
118,MALE,VISUAL,FIVE BOX 2,,,,,,,,,,,,
119,MALE,VISUAL,FIVE BOX 3,,,,,,,,,,,,
120,MALE,MOTOR IMAGES,HAND SHAKE,,,,,,,,,,,,
121,MALE,VISUAL,IMAGE SEARCH,,,,,,,,,,,,
122,MALE,VISUAL,FIVE BOX 1,,,,,,,,,,,,
123,MALE,VISUAL,FIVE BOX 2,,,,,,,,,,,,
124,MALE,VISUAL,FIVE BOX 3,,,,,,,,,,,,
125,MALE,MOTOR IMAGES,HAND SHAKE,,,,,,,,,,,,
126,MALE,VISUAL,IMAGE SEARCH,,,,,,,,,,,,
127,MALE,VISUAL,FIVE BOX 1,,,,,,,,,,,,
128,MALE,VISUAL,FIVE BOX 2,,,,,,,,,,,,
129,MALE,VISUAL,FIVE BOX 3,,,,,,,,,,,,
130,MALE,MOTOR IMAGES,HAND SHAKE,,,,,,,,,,,,
131,MALE,VISUAL,IMAGE SEARCH,,,,,,,,,,,,
132,MALE,VISUAL,FIVE BOX 1,,,,,,,,,,,,
133,MALE,VISUAL,FIVE BOX 2,,,,,,,,,,,,
134,MALE,VISUAL,FIVE BOX 3,,,,,,,,,,,,
135,MALE,MOTOR IMAGES,HAND SHAKE,,,,,,,,,,,,
136,MALE,VISUAL,IMAGE SEARCH,,,,,,,,,,,,
137,FEM,VISUAL,FIVE BOX 1,,,,,,,,,,,,
138,FEM,VISUAL,FIVE BOX 2,,,,,,,,,,,,
139,FEM,VISUAL,FIVE BOX 3,,,,,,,,,,,,
140,FEM,MOTOR IMAGES,HAND SHAKE,,,,,,,,,,,,
141,FEM,VISUAL,IMAGE SEARCH,,,,,,,,,,,,
